Petal_Length,Petal_Width,Sepal_Length,Sepal_Width,target
2.592167339,1.223539366,5.213616558,2.374304995,Versicolor
3.613870162,1.841040526,6.589875048,4.328427157,Virginica
1.77632013,1.750692977,7.096014866,3.940485113,Setosa
4.713345753,2.361879601,7.629944172,3.435465368,Versicolor
4.966643918,1.032011789,5.232535635,2.577148259,Setosa
2.105038758,0.944953571,6.421215513,2.855877823,Setosa
5.324621988,1.582925164,7.749776388,4.240202262,Virginica
4.005540926,0.929613191,5.859779979,3.811830452,Setosa
1.663325756,0.918232828,4.965218632,2.473381227,Virginica
2.346747802,2.483519531,5.057291077,2.795309626,Versicolor
5.440142292,0.659342088,6.767940945,4.040671375,Virginica
3.495559303,1.611338442,4.790455109,2.67365119,Virginica
2.298034179,1.794749144,4.949665285,2.432470724,Setosa
1.433073884,1.956461053,5.790803488,2.645705695,Versicolor
5.807314475,1.394362177,6.972016414,4.077004011,Setosa
6.709593938,1.425018834,5.290211675,3.589728801,Virginica
6.528466452,1.735484363,6.982687145,3.026795174,Virginica
6.37791244,0.173840321,4.086156647,3.817704113,Versicolor
1.088008746,0.104871982,5.101044858,2.359662587,Setosa
6.492325368,0.150473459,6.820950149,2.481689903,Setosa
2.068976248,1.02991209,4.961237257,4.183526947,Virginica
2.279607519,1.691822794,4.672848089,4.382630327,Setosa
4.112721745,1.377785671,7.59974465,3.860815324,Setosa
1.997383502,0.139194529,7.087464047,4.234820622,Setosa
6.912176845,2.342034604,5.316310143,2.1590369,Setosa
3.203851133,0.812314525,6.990061454,2.995657086,Virginica
4.549599719,2.166838531,6.312351806,2.550991114,Setosa
1.784569959,0.89812978,4.495207207,4.458952618,Setosa
3.233949852,1.047545119,6.98994145,3.571838459,Setosa
5.349509451,2.022837733,5.053634981,3.6854267,Virginica
5.060918862,0.468641068,6.122269672,3.8122216,Versicolor
1.853630197,1.157729201,4.899956998,3.49686108,Versicolor
2.333686299,0.23244621,5.322881831,2.713061151,Virginica
3.248634237,2.318095202,7.788544406,2.560037562,Setosa
1.483529746,2.189423919,7.415466001,3.20444292,Setosa
1.041599758,1.501991469,6.42654953,2.948422695,Setosa
2.200053478,0.738175499,6.932694171,2.338513998,Versicolor
2.379900543,0.283714879,5.179028296,2.733584725,Setosa
4.424207777,1.811884229,7.206081847,2.136488916,Virginica
6.521886228,0.871598113,4.074632162,4.46494346,Setosa
1.597754674,1.27083616,4.532835628,3.525017052,Setosa
4.758176183,1.001069087,6.316037573,2.686216153,Virginica
4.856461012,2.279685535,6.306065147,2.983979973,Setosa
2.517644549,1.588238916,5.618018082,2.121669195,Setosa
5.18856498,1.07472503,7.284973352,2.367883296,Setosa
2.679757765,1.017230833,5.184467464,2.196076942,Virginica
1.148412623,0.71989216,4.651903369,3.213281909,Versicolor
6.437273071,1.788397481,4.670754028,3.190915052,Versicolor
5.56988382,2.356043016,6.172109067,2.164479155,Setosa
4.579183627,1.302849984,5.108910787,3.023825554,Versicolor
6.48417502,0.481908122,6.1466818,4.323804673,Versicolor
6.316649894,0.954132552,7.175909016,3.101478897,Versicolor
5.251601961,1.715850928,7.64691561,4.482094839,Virginica
6.712225657,0.608334792,7.582741613,4.165744875,Setosa
2.852088235,0.390571384,5.027104312,3.581268278,Virginica
2.548622011,1.139415638,7.103355514,3.430803358,Setosa
6.483273776,1.188436791,7.51676742,4.14285397,Virginica
2.348328753,1.162568559,7.547532829,2.403121723,Versicolor
5.103098531,1.04837221,6.555862142,2.204495216,Virginica
1.10516276,2.0793877,4.842065374,2.699826985,Versicolor
2.314938336,0.497412174,4.54791028,3.155757634,Versicolor
5.067633701,0.534252143,4.673121823,3.236273626,Versicolor
5.513186059,1.73438125,7.606890034,2.041502224,Versicolor
3.09283318,0.612416507,4.78935183,2.205259713,Virginica
3.150233549,1.039458139,5.380676161,2.676844501,Versicolor
2.560517267,0.227896636,7.907154759,2.629328937,Setosa
4.889747586,1.567964948,4.454310352,3.700701987,Virginica
4.181422511,1.090544862,6.258503183,2.677931845,Versicolor
4.831104723,1.763230475,5.636526519,3.837445767,Versicolor
1.99959171,2.174198103,4.869879556,2.471416987,Setosa
3.034587914,1.250265806,5.44174081,3.333224117,Versicolor
4.180959444,1.8028702,7.901976828,2.615565193,Versicolor
1.58416857,0.522359372,6.642795959,3.470753623,Virginica
3.072162491,1.630018055,4.899285042,4.423270995,Versicolor
3.686153566,2.392671272,5.905359794,2.185714408,Virginica
6.753655849,0.667158732,6.894740361,2.461908569,Virginica
6.428157697,0.680969358,7.184741501,4.200323228,Versicolor
3.341085059,0.627055016,6.558935825,2.505643888,Versicolor
4.316024462,1.616952584,7.483706178,4.397906287,Virginica
4.717696377,1.775326328,5.389777337,4.087732754,Setosa
2.409972704,0.47822496,5.451915482,3.501885131,Versicolor
1.542696933,0.493845591,6.566651134,3.042381866,Virginica
5.144257983,0.976073132,7.823520067,3.617830139,Virginica
4.783525962,0.114964267,5.776476344,3.462854688,Setosa
5.480557429,1.726770419,7.864744977,2.297757561,Versicolor
3.834753516,0.115107209,4.632001303,3.395526409,Versicolor
2.015340204,1.826142912,7.641076038,3.715888547,Virginica
1.273619796,2.467427724,7.868505416,2.816454877,Setosa
6.681685502,1.528748969,7.288334153,2.879590791,Setosa
2.136255185,1.397130058,6.725538511,3.602911862,Versicolor
3.040895331,2.32604554,6.278837663,2.067104406,Versicolor
1.969301655,2.317057026,6.64658945,3.022605893,Setosa
1.05650783,1.527736871,5.42883909,2.066897076,Versicolor
2.088187539,0.488858181,4.589022941,2.646869682,Versicolor
1.49207267,0.836157318,6.16126465,3.036613912,Virginica
6.254456999,1.798669264,5.484722495,2.27258424,Versicolor
3.003787039,0.247176497,5.669678053,2.680325432,Virginica
3.680500683,1.022333936,7.913988382,2.124439885,Setosa
5.015292306,0.299206851,7.674791132,3.083415607,Setosa
5.612156017,0.708882119,5.934165399,2.009194268,Versicolor
5.998519305,1.416058243,5.151815635,3.956266779,Versicolor
3.580795444,2.194559934,6.537292199,3.689392267,Versicolor
2.372603314,2.392465271,5.468304632,2.485215158,Setosa
4.403539184,1.11384633,6.288651246,2.042072299,Versicolor
3.1153156,1.209304315,6.295319464,3.390970254,Virginica
6.362882944,2.007487414,6.698785229,4.30065632,Virginica
4.843158878,0.208908769,7.034533756,4.089667152,Versicolor
3.308123463,1.857511031,4.91039601,2.391345401,Versicolor
2.245450852,0.49149107,6.232401784,3.62976373,Setosa
2.710687637,0.164979852,5.442527321,3.302278272,Setosa
1.018772253,1.145768837,5.513479307,4.005081429,Setosa
3.134367691,1.060909459,7.022507073,4.05014132,Versicolor
1.199787114,1.925298629,7.223791477,4.056850918,Versicolor
4.361405402,1.643755435,6.3951122,2.759953871,Setosa
5.424853143,2.478012635,5.963586077,3.340686899,Setosa
2.27204308,1.488482586,5.074072235,3.921651321,Virginica
4.107189062,0.411339634,4.64291085,3.327836953,Setosa
4.40843003,2.471999119,5.763269698,3.192197129,Versicolor
4.498353011,2.058903689,6.591765543,3.957988141,Versicolor
5.567013431,1.050117616,4.075856435,3.762552104,Virginica
2.746805264,0.55620394,5.680829828,2.290537806,Virginica
5.100515063,1.257516204,5.769921631,3.687916327,Setosa
6.422240429,0.598983628,6.258762741,2.611360157,Setosa
5.959869524,1.91255992,7.087440815,3.489113312,Versicolor
3.653464378,1.437170394,7.095919615,2.38457801,Versicolor
2.066592356,0.559358009,5.22266024,3.201133959,Virginica
1.683971755,0.580007365,6.756245934,2.974435092,Setosa
3.316018572,0.828721666,6.39742624,2.22875794,Setosa
6.533885315,1.622346482,4.237242933,3.083663644,Setosa
3.388797217,2.144009892,7.813403671,3.767469619,Virginica
5.906565901,2.038714078,6.435013093,4.22065016,Setosa
1.095074728,2.28328956,6.218855102,2.945786387,Versicolor
4.472622532,1.358246015,5.76486676,2.909149315,Versicolor
1.429923049,0.750629932,6.447996213,3.033848664,Versicolor
4.59808438,1.976031419,7.744393314,3.548330705,Setosa
2.472297492,1.551875967,5.678274942,3.14117459,Setosa
3.820224116,0.542184014,6.3397638,2.218258989,Versicolor
1.483996866,0.13579774,7.702429249,2.757220623,Setosa
2.354399791,0.175212566,5.299413455,2.42761829,Virginica
4.299934415,0.838065899,6.711732777,4.47244938,Setosa
4.09810534,0.670251763,6.964418872,3.757734074,Virginica
1.046719136,0.490743013,7.757565072,2.915043335,Versicolor
3.275776035,1.861460765,7.94541382,2.139677071,Virginica
4.374591567,0.118958579,6.511583052,2.403586621,Setosa
3.180113387,1.017917582,4.63958206,2.379157724,Setosa
1.189999445,2.162790869,5.559275665,3.779837697,Versicolor
6.271403249,1.143797025,4.725249681,4.155796358,Versicolor
5.827236622,1.803727283,5.664002747,2.739045899,Setosa
5.159574471,1.610183896,6.298810344,3.542698292,Setosa
6.065058262,1.183715284,6.598979247,3.29774019,Versicolor
2.524315585,0.329695981,5.913453049,4.234045017,Versicolor
3.860935481,1.083277947,4.458424866,2.273740777,Versicolor
2.860558494,1.277027176,4.380837125,2.995505808,Virginica
3.017249273,1.0203214,4.761767561,2.239687951,Virginica
6.913815353,0.879710369,5.878274332,3.045676899,Setosa
2.67385868,1.152253036,5.753206879,4.13189311,Virginica
4.217090255,2.232467471,7.176465989,3.514246202,Versicolor
6.231802682,0.265802304,4.778304766,2.779447485,Versicolor
5.043180345,1.563744227,7.805653352,3.780227942,Versicolor
5.7062721,2.187256837,6.685726522,3.226651683,Versicolor
4.85157063,0.927301869,5.212105267,3.057762395,Virginica
4.386231106,0.21831369,4.516375886,2.015270893,Setosa
1.687628779,1.694177634,4.857186138,3.542828614,Versicolor
4.352995557,0.283141497,6.521789033,2.213677653,Versicolor
3.649368247,0.757223302,6.351046425,2.16878891,Setosa
5.06727847,2.129016392,5.884255292,2.751153238,Versicolor
2.042190519,1.407078297,7.163044809,4.245745503,Setosa
1.297299972,1.641643445,7.645150491,4.411040889,Setosa
5.765898388,0.831610624,6.871025205,4.300259398,Setosa
2.577927725,0.255097843,5.325807661,3.727632436,Setosa
2.131572059,1.069404687,5.275672082,4.283553348,Virginica
1.061692423,2.302597376,6.849127447,3.542282766,Versicolor
5.027676341,1.436587462,5.519779532,3.890292691,Virginica
3.080099937,0.639749596,7.81462672,3.255483509,Setosa
1.823813086,1.262751238,7.415309159,2.54360711,Versicolor
1.214723809,0.75511622,4.931799626,3.234485101,Virginica
1.593511621,0.127603492,7.409375883,2.903647052,Versicolor
1.375820099,0.387636101,4.108805015,2.727249533,Versicolor
1.357960592,0.690066553,4.119335122,4.179180496,Virginica
6.789936332,1.013762045,6.851947891,3.494644994,Virginica
4.969709374,1.01500894,4.586060002,3.020370508,Virginica
2.591604126,2.279381763,4.32298103,3.63643435,Versicolor
2.697137345,1.066245331,5.546387144,2.703618814,Versicolor
5.621580517,1.504934011,7.535787711,3.141608993,Setosa
1.470231963,0.184319268,5.329506427,3.720479399,Virginica
5.974833751,1.798538552,7.827054855,3.833286908,Versicolor
1.14874857,1.536648504,6.201498037,3.807985582,Setosa
6.915325911,1.912851433,4.197077101,2.935235627,Versicolor
4.257954613,1.89392114,6.907706753,2.731736027,Virginica
2.227339086,1.320862286,7.538998225,2.22103664,Virginica
2.76406269,1.899135166,4.100203179,3.091010615,Setosa
2.279184235,1.858451308,4.434927761,3.984562742,Setosa
2.070078058,0.356503648,4.815075789,3.935666176,Virginica
4.06553403,2.152170223,5.337332722,4.024538733,Virginica
5.494543403,1.562235981,4.647808656,3.261971933,Virginica
5.350314323,0.762926013,7.983807916,3.712593433,Setosa
2.047028763,1.34613789,4.0674699,2.021015832,Versicolor
3.577518738,1.898311983,7.57991633,4.041862679,Setosa
6.563339563,1.714557666,6.2488199,3.551123776,Versicolor
4.394425317,2.148070807,7.459602096,3.151720502,Virginica
1.166728318,2.44647383,7.121927841,2.621662903,Versicolor
5.743775948,0.100200103,5.489104841,3.36017333,Setosa
2.364819963,1.753012482,7.853804046,2.275667683,Virginica
2.051795894,1.236102469,6.295432828,3.616467652,Versicolor
2.298245784,0.745617531,4.632246273,4.368681643,Setosa
4.224812831,0.235015962,4.145927281,3.815916172,Versicolor
6.183874737,0.343606752,7.58942806,3.67900575,Versicolor
6.293464626,2.03514455,6.562960361,3.85818225,Virginica
6.608608921,0.490180849,5.327057699,3.215707391,Virginica
4.726808487,1.343550323,7.369306989,2.089022931,Versicolor
6.19909086,0.210134019,7.200548808,3.036616801,Setosa
2.010666365,0.432227122,7.763207106,3.617143587,Setosa
4.81972577,0.546064353,6.018467749,4.499969704,Setosa
5.51642576,2.257390285,4.361458838,2.836720606,Versicolor
1.062637372,0.253464228,6.816839736,4.17013681,Setosa
6.711199304,0.548816837,7.331867373,3.503052637,Virginica
3.946907249,1.710595689,6.57892757,2.796414415,Setosa
4.62689354,0.800513478,7.590117851,3.65507906,Setosa
4.588203349,1.712412995,4.124472328,3.503962562,Versicolor
3.271359661,1.120415637,6.160026149,4.338902912,Virginica
5.703997083,0.222020526,4.114891796,3.365449894,Setosa
2.635408148,0.531156762,7.160250137,4.137298298,Setosa
5.394710638,0.879870748,7.670922508,2.782444754,Virginica
2.99100596,1.328419868,7.051283282,3.557855221,Virginica
4.083566796,2.162536232,6.584523893,3.090816799,Versicolor
4.275822947,0.186358442,4.361341773,3.715699457,Versicolor
6.825640452,1.56627206,6.804470462,3.077009591,Versicolor
3.320568881,1.022740692,7.184934678,4.377726792,Virginica
6.170762952,1.399921325,5.786116749,4.283361757,Virginica
6.341873426,1.19374223,4.731158418,2.745194678,Setosa
4.073648914,0.457720538,6.438820972,3.878082946,Setosa
4.229905412,0.359823461,6.106197002,2.389912071,Setosa
3.424435969,1.466975213,7.451480208,4.435712805,Virginica
5.069487084,0.290362214,7.471897382,2.286154685,Setosa
6.552824009,2.490353652,6.635263086,3.451678901,Setosa
2.6885328,1.23635122,4.104028763,4.090052268,Setosa
3.923901405,1.539666932,6.135632973,3.357554022,Versicolor
1.754035113,0.114644068,5.607367197,3.320445023,Versicolor
6.800576245,1.985514065,7.001792102,4.345166634,Virginica
5.170540747,0.460484738,4.404094226,3.785490813,Setosa
1.109425374,1.724979628,5.063905822,3.024221304,Setosa
4.88648257,1.507760282,7.884442582,2.67904274,Setosa
4.538310893,0.891490008,5.375586962,2.047559573,Setosa
6.842241833,0.235281164,5.74879959,2.618223931,Versicolor
1.427942276,1.023383805,7.10832592,4.417399178,Versicolor
5.043040088,1.806966906,7.460659584,3.780593807,Virginica
6.815675143,1.837964944,6.288416298,4.158072386,Versicolor
5.9666469,0.266272354,6.389690106,3.432742006,Setosa
5.990892901,1.189270141,4.945787697,2.150901649,Versicolor
4.712820913,0.809419418,4.691468997,2.843245416,Virginica
1.27005247,0.461442572,7.830559948,2.713118735,Virginica
3.616128351,0.905645835,4.2744822,3.372895837,Setosa
5.94829522,1.542459286,5.68382239,2.78208315,Virginica
6.975671296,0.374068655,6.980137244,3.435034955,Versicolor
4.184441877,0.242172616,6.644551076,2.912315073,Setosa
3.628739191,0.692294822,7.173022628,2.655950527,Virginica
1.366728524,1.494629826,4.813825791,2.09458507,Setosa
3.162433557,2.271783191,7.385602489,2.973534997,Versicolor
6.292667359,0.953421286,7.295560996,3.88388228,Setosa
4.434497517,1.287622129,4.249063679,3.842717461,Setosa
1.139470953,0.38873785,7.62971275,3.272369918,Versicolor
1.933374117,2.112912019,6.459041264,2.820809106,Setosa
2.49427866,1.495960064,5.78772609,2.465091029,Versicolor
3.735276908,1.806400846,4.227898211,3.511471727,Versicolor
2.567063234,0.797231599,6.88439528,4.399279242,Setosa
3.456318851,0.317055448,6.903131172,3.126207809,Versicolor
5.599790353,0.994301348,5.876515328,2.561595747,Setosa
3.237715994,1.151165964,5.853011847,3.842698943,Versicolor
1.623296657,0.233602708,6.166207214,3.077942274,Virginica
6.445007121,2.354437666,5.902882018,3.92152595,Virginica
4.933892732,1.031042394,6.51117814,2.975482404,Versicolor
2.911887951,1.233387268,6.184116651,3.187510822,Setosa
6.652143885,1.993915398,5.228809053,3.902227865,Versicolor
4.318101468,0.450857431,5.751824536,3.378934759,Setosa
4.378365029,1.163144197,7.268173698,3.225434696,Virginica
2.010710026,2.026482916,4.665782068,2.015799731,Versicolor
2.640670872,0.196913951,7.910381402,2.588185694,Setosa
5.582931183,1.373596327,6.665627057,3.857332442,Versicolor
5.766243786,2.405148869,5.741600737,4.397011417,Setosa
5.222075158,1.75098917,5.011356705,4.330173516,Setosa
4.846459055,0.630786642,5.05073386,2.945783029,Setosa
6.603504151,1.133249381,7.260139468,2.410949857,Setosa
4.359427735,0.706969919,4.089134249,3.963386825,Setosa
6.908403113,2.043703464,4.294642001,2.524907665,Setosa
1.009124191,1.201176818,5.403633225,3.64464483,Versicolor
5.548399167,1.575392825,4.149585952,4.273033019,Virginica
1.445931093,1.445554576,7.131962123,2.377581823,Setosa
3.773660892,2.191886665,7.145183635,3.526132799,Versicolor
2.436564567,0.882496025,4.777767018,2.405113892,Versicolor
2.575343657,1.52005348,5.987474223,4.339483098,Setosa
6.445938321,1.133137752,7.02617727,3.848138127,Versicolor
4.238914599,1.450679121,5.502707773,3.465205427,Versicolor
6.653443379,2.124364396,4.36895195,4.091429332,Setosa
1.486194537,2.289206733,7.193605317,2.93516214,Setosa
2.178038405,2.16460934,4.890583307,2.83927371,Versicolor
4.162449818,0.599776832,6.211443927,4.42754154,Versicolor
5.893780837,1.818622074,4.679093446,2.380688824,Virginica
5.154802105,2.44187368,7.96392436,4.063721631,Virginica
6.924468205,0.287253066,5.593477644,2.911292843,Virginica
6.370676579,1.13142732,4.567200759,2.693089766,Versicolor
4.457070736,1.422541309,4.52164288,3.106681269,Virginica
4.13359239,1.212176232,7.65757028,3.821015384,Versicolor
4.851639344,1.006922758,4.17734151,3.231231176,Setosa
6.847974396,1.186766146,7.428141945,3.839403343,Setosa
2.306670463,1.128039251,4.094724133,4.00305812,Virginica
6.238474768,1.276758898,5.211403854,2.249166963,Setosa
4.012450954,2.323206545,7.590092894,3.55818604,Versicolor
5.057377779,1.157095196,5.485236297,3.892675265,Virginica
5.002163984,0.168240419,6.936540002,4.0618135,Virginica
5.419277849,2.082963381,7.911862308,3.780855523,Setosa
2.714101012,1.963130752,5.084345925,2.210916023,Virginica
4.016523172,1.251589472,7.127193078,3.478547786,Virginica
2.965272055,1.380054358,4.747080284,2.703423498,Versicolor
1.960558066,2.042648387,4.833656272,2.90136306,Setosa
4.926051484,0.636647358,6.655931328,2.575956446,Virginica
5.218885975,1.35049547,5.640601815,2.3747576,Virginica
4.392150812,0.318284113,6.92378958,4.098965616,Virginica
2.59016736,0.806447814,7.472175275,2.86712496,Setosa
2.333316313,0.379728678,5.445804844,3.555323432,Virginica
2.462051942,0.391579655,6.224314309,3.463315486,Versicolor
5.252429889,0.947074737,7.717964297,2.631969085,Setosa
4.246933807,2.443184422,4.268684904,2.378060137,Virginica
1.760221895,0.235841911,4.458760517,2.541695368,Versicolor
1.883377654,0.572636251,5.523820763,3.651311073,Versicolor
2.571889404,1.234354914,4.368401688,3.564451983,Virginica
5.755506375,0.971583012,7.402635751,2.279514829,Versicolor
1.432738592,0.33762347,4.697562903,2.860780073,Setosa
5.885385866,1.483612649,5.13013462,2.3873845,Setosa
3.42886366,2.205300492,6.593999695,3.20123212,Setosa
6.885247148,2.312933626,7.777698696,3.043793271,Versicolor
1.118284553,1.354137515,7.590098277,3.115664516,Setosa
5.588330312,1.031460864,4.27684994,2.744508365,Virginica
1.78594445,2.2339896,5.162826156,4.108635431,Versicolor
6.003166736,0.520192692,5.165396504,3.880768051,Versicolor
4.796742378,1.54769499,5.385413056,3.535208674,Setosa
6.431977493,1.339749883,5.089636589,3.333272152,Setosa
6.83856073,0.293407827,7.00951453,4.137214525,Virginica
2.153072215,0.652660754,6.954899777,4.302716185,Versicolor
3.688827306,2.211276435,7.677689628,2.692631667,Setosa
1.682134418,0.226580316,6.20723567,2.153223623,Setosa
4.508836398,1.383233259,4.820501973,2.42651873,Virginica
6.495566818,0.984873721,4.771850147,2.06856761,Setosa
1.611350817,0.185170293,6.683129861,3.190378481,Versicolor
4.802695481,1.52398999,4.555055,4.124089505,Setosa
6.224284906,0.723316041,4.938972245,2.644407232,Setosa
6.600032051,0.298457685,4.789872479,2.780284311,Versicolor
1.026578423,1.600795107,7.709793653,4.336944664,Versicolor
4.190803942,1.79968459,4.965689813,2.270765113,Versicolor
2.410014126,2.062044288,6.344421387,3.46622405,Virginica
4.391208625,0.702026743,6.821758722,2.688420685,Setosa
2.65343443,1.917685087,4.821742594,3.443543081,Virginica
4.8588439,1.286436837,6.322053136,3.887320191,Setosa
1.024806862,2.045242074,6.406691903,3.530976778,Virginica
3.102803019,1.815129429,5.196928044,3.822381286,Virginica
1.717032213,2.273973613,6.429462998,4.396147701,Setosa
2.569756632,0.504743448,6.715500818,2.248419958,Setosa
1.410040273,1.512539971,7.213410609,4.311006536,Versicolor
2.620450376,2.064712112,7.64483085,3.121655476,Virginica
4.692812261,2.280321524,7.088799095,3.977702912,Setosa
6.134536661,1.663937854,5.862631436,2.459763595,Setosa
5.003353987,0.850582389,4.358742293,3.604546713,Versicolor
5.673083239,2.13600542,6.165044208,2.397740242,Setosa
1.006706447,0.27010479,6.213708281,2.744667072,Setosa
6.941088481,0.803401703,7.432539589,3.398174764,Virginica
3.35104347,0.49525827,4.46608934,2.791463528,Versicolor
4.26784337,2.387031451,4.170276956,2.688509821,Virginica
1.308988582,1.023544707,6.351824818,3.123014047,Virginica
5.293125315,1.144085876,4.508362065,2.631982665,Setosa
6.615730441,0.67738993,5.973211755,2.581953843,Virginica
1.8075949,1.03589073,7.235538866,3.073349999,Versicolor
3.394099865,0.731777908,6.070675035,4.252754009,Setosa
4.070884031,1.178888938,4.391918404,2.764524583,Versicolor
5.563861642,0.743721503,7.508482648,3.745294411,Versicolor
3.697398564,1.299222794,6.011403582,2.095839912,Versicolor
5.748246276,1.171533511,4.127106177,2.586866067,Versicolor
5.729553451,1.697950779,7.656487237,2.883091598,Virginica
4.181116782,1.145219576,7.609188293,2.692668016,Virginica
4.150868487,1.030883352,4.545692122,2.491208322,Setosa
3.949497017,0.300179432,5.784531007,3.542356557,Versicolor
3.121299818,1.814058381,5.551244462,3.296429383,Virginica
6.26199245,1.736433379,7.526075967,2.904781806,Versicolor
6.928935257,0.768750706,6.551043754,2.43147201,Versicolor
6.52236878,1.238217048,6.230134838,2.040518817,Versicolor
2.83669925,1.109591548,7.071443693,4.139120885,Versicolor
4.581808413,0.648971597,5.368843426,3.158253304,Virginica
3.239785902,0.876752039,6.929018759,4.357457425,Virginica
3.776333313,0.215884306,5.446736268,3.821443359,Virginica
3.663761471,1.673819421,5.126859095,4.153756182,Setosa
6.755209257,1.167260965,6.712213215,3.352863064,Versicolor
3.914180372,0.528153049,6.277630414,2.933926976,Virginica
2.174297832,1.027048545,6.268221095,2.942292791,Virginica
1.933423307,0.531614276,4.553387839,2.377143344,Versicolor
4.947680912,1.109380207,6.48953647,2.037011269,Versicolor
3.690378025,1.153820548,6.263338332,2.635278705,Virginica
4.06038112,1.014986729,5.685179123,2.51642572,Versicolor
4.4744428,0.932885054,4.337951156,2.249931723,Versicolor
4.355184187,1.526091943,6.485751478,2.442979049,Virginica
3.502808037,2.130351344,5.283581526,2.607556039,Versicolor
6.503477644,2.33300469,5.563306922,4.315251337,Setosa
6.722309206,1.245758182,7.352404335,3.664710632,Setosa
4.830011786,1.736463815,6.618974921,2.361915749,Versicolor
6.449195133,1.314177881,6.646563844,2.407774676,Virginica
2.068135821,2.265122287,5.892134014,4.109155809,Versicolor
3.435121017,1.732695121,4.536711241,3.103512733,Versicolor
3.922355726,0.600547092,6.006747665,3.921133587,Versicolor
1.424512198,0.610898341,6.924943381,2.802100901,Virginica
6.451348589,0.725300188,4.621373121,2.450050716,Virginica
2.613831441,0.527397024,4.023423652,3.835853161,Virginica
2.216174518,0.926455127,6.059143184,3.024713411,Versicolor
6.920140923,0.799951182,7.286435962,3.662825888,Versicolor
5.565536426,2.007236108,7.800840107,2.260356503,Versicolor
5.535528058,1.782682151,4.51199276,2.461481293,Virginica
4.470731327,0.858867529,4.738641509,3.161778569,Setosa
3.298076589,2.44481323,5.370788291,2.403410706,Virginica
5.003842052,1.682220283,4.493596706,2.649143497,Virginica
1.529073616,1.662149899,7.861035682,2.145168228,Versicolor
3.70372948,1.842094425,5.964635363,4.398075179,Setosa
2.154912118,1.858233813,5.861521856,4.045926687,Virginica
2.689047975,2.282665144,7.860809483,2.410389067,Setosa
3.497637399,0.33147063,4.714540585,2.169443537,Setosa
6.418477947,1.143259498,4.610422363,3.398587085,Virginica
1.881589326,1.114040673,4.925353795,3.332153581,Versicolor
6.688270627,2.211969209,6.77462588,4.137257695,Versicolor
1.088149511,1.038936688,4.487208087,3.124488335,Versicolor
6.911586347,0.341948647,4.411478513,4.003625598,Versicolor
2.015472441,0.931901544,5.805286936,2.119429009,Virginica
5.304712078,1.728223505,4.68732233,2.741721279,Versicolor
1.383258239,2.010459297,6.682015147,2.292940026,Virginica
6.604437191,0.2367721,7.541666984,3.90297664,Versicolor
4.441669446,1.60081617,4.413323824,2.640491947,Virginica
2.920403201,1.74018996,4.779414031,2.860119656,Versicolor
2.848269984,1.632680192,4.417000932,3.49762529,Virginica
6.281256582,1.106702353,5.835742828,3.826894593,Virginica
4.753439672,0.442199183,6.648241553,3.906890653,Setosa
6.702092756,1.71449071,4.51264246,3.505224909,Setosa
5.375353119,0.457783838,7.90073514,2.900362111,Setosa
3.49504593,1.121861775,5.912203045,2.743146331,Virginica
6.103402537,1.520360155,7.430736853,2.069567802,Virginica
5.088022951,1.351222812,4.754266988,4.049041903,Virginica
6.485796314,1.844157234,5.833518291,2.023346259,Setosa
1.630479124,0.148131243,4.70939175,3.935931956,Virginica
6.359316741,1.673009418,7.9804993,2.443771415,Virginica
6.732920882,0.826145503,6.298038076,2.168202685,Setosa
4.437266914,0.251565715,7.275296174,2.236850476,Versicolor
3.493676692,2.070965864,6.365787108,3.823560317,Versicolor
5.450587261,1.205936266,4.718415029,2.459339238,Virginica
2.320730193,2.02438504,5.095598339,4.035276133,Versicolor
2.978047236,1.883310916,7.834777286,3.652748578,Versicolor
6.734935315,1.909824243,7.149301639,4.481937929,Setosa
1.460618671,0.573671858,5.998428975,2.14555101,Virginica
3.89929269,1.785276824,4.656045929,3.31979167,Versicolor
5.140460882,2.439785926,5.147739547,2.982848183,Setosa
1.087197762,2.185410236,7.1608318,3.401646428,Setosa
1.600359713,1.110487386,4.388778983,3.934330307,Virginica
2.539639162,0.384252237,5.098948282,3.116609674,Virginica
2.694997599,1.806543196,4.282887347,2.53369039,Setosa
1.797525018,2.227413569,6.708465996,2.537221211,Setosa
4.344590674,1.883032769,7.454636771,2.12591755,Virginica
5.653457981,1.559018458,5.817885434,2.393378248,Setosa
5.575900028,1.118717448,4.91012915,4.422250652,Versicolor
4.821606962,0.234343204,4.803768563,2.982220376,Versicolor
6.234464265,0.423740344,7.642411086,3.549896582,Virginica
1.049960069,1.218349449,7.227026298,2.671270319,Versicolor
2.108779622,1.117944224,5.175483325,3.677759081,Virginica
6.932736984,1.899955782,5.611866687,3.722352468,Virginica
2.572616774,1.510283685,5.231819037,3.350596445,Versicolor
1.522775923,0.984528763,5.777069572,4.213202888,Versicolor
1.058701327,0.58973733,7.820185377,3.565079371,Virginica
3.698593223,0.551619014,5.030878201,2.492493797,Versicolor
4.70392876,2.204663716,7.80566633,3.505577863,Versicolor
3.706288081,2.416001303,7.327857769,3.218448784,Versicolor
4.124527927,1.685148764,7.198258653,2.752217339,Versicolor
5.525887919,0.60491215,6.649246449,2.008059215,Versicolor
2.298247535,2.371558214,4.124171249,2.371262324,Virginica
3.176291473,0.585581288,7.67004429,2.274440874,Versicolor
4.442050573,0.259854686,7.41202522,2.800804641,Setosa
4.765851288,0.636846359,5.343484324,3.432795397,Versicolor
3.086021491,1.838744985,7.685999899,3.539142827,Setosa
1.290584273,0.254258884,4.656966166,2.811828817,Virginica
3.626737669,1.281935496,7.161160907,4.196236062,Virginica
2.228444984,2.476105211,4.270668542,2.338186807,Virginica
2.53301603,2.050231252,4.64036774,3.797749653,Virginica
6.732056068,1.050967736,7.801815863,3.685228644,Virginica
3.508049462,1.842451239,4.136821353,2.046264908,Virginica
3.665848002,0.143763717,6.374052373,2.375423914,Virginica
1.177890888,0.393470908,6.36292644,2.754678626,Setosa
6.25671909,0.407978641,6.618195784,2.229937842,Virginica
5.884155018,1.128696294,6.058157948,4.47712808,Setosa
1.217790577,1.887432233,5.383525869,3.95109664,Versicolor
4.143480177,2.212610115,6.076324639,3.762893375,Setosa
1.977569047,1.800115762,4.477183971,3.509565531,Virginica
1.604205057,0.57125816,4.246675187,2.386203644,Setosa
6.175070715,1.497355558,7.919081261,2.24422519,Versicolor
2.46448326,1.672655968,5.861635039,4.179709578,Setosa
4.76251831,2.481297995,7.914343375,3.510843391,Versicolor
1.212844403,0.206697475,4.244928188,2.475265682,Versicolor
4.301454882,1.365251862,6.005596167,3.052413067,Versicolor
5.718177121,2.020630729,7.088980771,2.795736201,Virginica
6.156920002,1.440329671,6.511138032,3.461546504,Versicolor
4.492878316,2.434985516,6.704633317,3.803606461,Virginica
